{
  "meta_title": "Neka Relógios",
  "meta_description": "",
  "sections": [
    {
      "type": "banner-slider",
      "autoplay": 9000,
      "slides": [
        {
          "start": "2021-04-23T19:22:17.430Z",
          "end": "",
          "img": "/img/uploads/banner-frete-gratis-dodge.jpg",
          "mobile_img": "/img/uploads/banner-frete-gratis-dodge.jpg"
        }
      ]
    },
    {
      "type": "page-title",
      "title": "Relógios Personalizados",
      "description": ""
    },
    {
      "type": "banners-grid",
      "banners": [
        {
          "img": "/img/uploads/li_gold_banner_3-min.jpg"
        },
        {
          "img": "/img/uploads/li_2rodas_banner_3-min.jpg"
        },
        {
          "img": "/img/uploads/Relogios-femininos-mini-banner-70.jpg"
        }
      ]
    },
    {
      "type": "info-bar",
      "enabled": false
    },
    {
      "type": "collection-shelf",
      "shuffle": true,
      "collection_id": null,
      "limit": 12,
      "page": 1,
      "sort": "sales"
    },
    {
      "type": "responsive-banner",
      "banners": [
        {
          "img": "/img/uploads/banner-site-sincero-trustvox-min.jpg"
        }
      ]
    }
  ]
}