{
  "assetsByChunkName": {
    "vendors~app-account~app-confirmation~app-order": [
      "chunk.8d5b3d764a25b29885f4.js",
      "chunk.8d5b3d764a25b29885f4.js.map"
    ],
    "vendors~app-account~app-checkout": [
      "chunk.ef1bc96a3fe1659fedd0.js",
      "chunk.ef1bc96a3fe1659fedd0.js.map"
    ],
    "vendors~app-cart~app-checkout": [
      "chunk.7ed22952619181d34387.js",
      "chunk.7ed22952619181d34387.js.map"
    ],
    "admin": [
      "admin.30831b7789d4be66cc2c.js",
      "admin.30831b7789d4be66cc2c.js.map"
    ],
    "app-account": [
      "chunk.58c302f9ff225f465f87.js",
      "chunk.58c302f9ff225f465f87.js.map"
    ],
    "app-cart": [
      "chunk.069155aabb37a701de53.js",
      "chunk.069155aabb37a701de53.js.map"
    ],
    "app-checkout": [
      "chunk.31701d250c7ea1382cbe.js",
      "chunk.31701d250c7ea1382cbe.js.map"
    ],
    "app-confirmation": [
      "chunk.ebecc462c0e62fee9307.js",
      "chunk.ebecc462c0e62fee9307.js.map"
    ],
    "app-order": [
      "chunk.59ced342832e099ab22b.js",
      "chunk.59ced342832e099ab22b.js.map"
    ],
    "checkout": [
      "checkout.9d91345c7a074e22c113.js",
      "checkout.9d91345c7a074e22c113.js.map"
    ],
    "storefront": [
      "storefront.471e89042e7c0b269640.css",
      "storefront.5b9be162025fedf8a9b2.js",
      "storefront.471e89042e7c0b269640.css.map",
      "storefront.5b9be162025fedf8a9b2.js.map"
    ]
  }
}